{
  "xgboost": {
    "balanced_accuracy_mean": 0.3841822693989877,
    "balanced_accuracy_std": 0.2232340467258222,
    "baseline": 0.479,
    "delta": -0.09481773060101228,
    "n_rows": 135,
    "n_papers": 4
  },
  "lightgbm": {
    "balanced_accuracy_mean": 0.4678817140891445,
    "balanced_accuracy_std": 0.07011633334635826,
    "baseline": 0.467,
    "delta": 0.0008817140891444475,
    "n_rows": 135,
    "n_papers": 4
  }
}