{
  "continue_training": {
    "per_fold": [
      0.32748538011695905,
      0.5523809523809523,
      0.5
    ],
    "mean": 0.4599554441659704
  },
  "stacked": {
    "per_fold": [
      0.3333333333333333,
      0.43333333333333335,
      0.5
    ],
    "mean": 0.4222222222222222
  }
}